id,FirstName,LastName,Gender,Date of Birth,Age,Height,Weight
1,Patricia,Wright,Female,1952-01-01,72,49,161
2,Danielle,Lopez,Female,1961-05-11,63,59,238
3,Morgan,Grant,Female,1960-11-28,64,72,215
4,Tammie,Rodriguez,Female,2002-07-22,22,59,289
5,Courtney,Benson,Female,1942-07-22,82,68,249
6,Shawna,Le,Female,1982-09-25,42,53,243
7,Mackenzie,Santiago,Female,1990-12-28,34,66,99
8,Zachary,King,Male,1975-03-23,49,65,297
9,Glenn,Flores,Male,1982-06-01,42,62,344
10,Jesse,Hobbs,Male,1988-03-23,36,52,108
11,Rebecca,Harris,Female,1972-11-18,52,56,242
12,Nicholas,Summers,Male,1941-07-08,83,52,217
13,Bradley,Carter,Male,1937-10-09,87,71,251
14,Chris,Kim,Male,1966-07-05,58,71,310
15,Jennifer,Harris,Female,1942-12-11,82,69,281
16,Rebecca,Logan,Female,1978-10-20,46,51,109
17,Mark,Alvarez,Male,1977-10-10,47,71,260
18,Katherine,Black,Female,1992-06-30,32,51,128
19,Marc,Blackburn,Male,1943-11-29,81,68,114
20,Lynn,Ross,Female,1971-10-16,53,57,310
21,Tracy,Thomas,Female,1966-12-25,58,58,113
22,Nicholas,Gomez,Male,1935-05-13,89,57,193
23,Jacqueline,Sutton,Female,1950-08-30,74,57,246
24,Tonya,Cook,Female,1962-07-21,62,64,159
25,Sandra,Nash,Female,1974-01-10,50,51,314
26,Carol,Cooper,Female,1999-10-06,25,69,206
27,Jeff,Schultz,Male,1942-06-26,82,57,271
28,Scott,Berry,Male,1986-07-18,38,49,270
29,Janet,Dixon,Female,1979-02-12,45,48,138
30,Christopher,Mitchell,Male,1986-12-29,38,50,153
31,Jennifer,Morse,Female,1937-08-28,87,57,120
32,Nicole,Lee,Female,1940-07-13,84,58,231
33,Shawn,York,Male,1951-04-08,73,56,101
34,Heidi,Hammond,Female,1952-07-07,72,66,109
35,Randall,Bright,Male,1989-10-04,35,53,143
36,Elizabeth,Gentry,Female,1935-11-08,89,69,229
37,Steven,Martinez,Male,1995-07-26,29,48,236
38,Amanda,Gonzales,Female,2004-08-08,20,56,95
39,Christopher,Charles,Male,1962-03-28,62,66,263
40,Cassandra,Alvarez,Female,1972-06-15,52,62,336
41,Colleen,Le,Female,1980-05-14,44,62,328
42,Kyle,Reese,Male,1945-05-11,79,48,159
43,Katherine,Martinez,Female,2004-10-31,20,64,192
44,Phillip,Cox,Male,1992-02-12,32,59,223
45,Misty,Walker,Female,1987-03-25,37,66,177
46,Miguel,Stone,Male,1949-01-16,75,49,98
47,Stephanie,Alvarado,Female,1978-11-30,46,64,279
48,Richard,Baker,Male,1942-02-09,82,55,319
49,Danielle,Hernandez,Female,1958-10-09,66,67,245
50,Wendy,Richardson,Female,1994-07-10,30,49,233
51,John,Bautista,Male,1933-12-09,91,67,201
52,Kelly,Mills,Female,1961-02-06,63,70,255
53,John,Ward,Male,1975-02-11,49,51,305
54,Carl,Hogan,Male,1955-05-29,69,52,104
55,Peter,Whitehead,Male,1953-03-26,71,65,247
56,Blake,Steele,Male,1981-04-13,43,64,331
57,Kaitlyn,Cooper,Female,1972-04-16,52,71,241
58,Tiffany,Perry,Female,1981-02-08,43,51,132
59,Randy,Stone,Male,1997-02-18,27,55,149
60,Joseph,Elliott,Male,1992-12-02,32,55,291
61,John,Stafford,Male,2003-05-05,21,49,151
62,James,Nelson,Male,1995-05-24,29,56,276
63,Anthony,Johnson,Male,1941-06-15,83,69,292
64,William,Dean,Male,1959-06-02,65,62,112
65,Laura,Brown,Female,1975-09-14,49,72,178
66,Lindsey,Mcknight,Female,2002-05-24,22,58,142
67,Lisa,Johnson,Female,1967-07-01,57,67,141
68,James,White,Male,1935-06-27,89,64,250
69,William,Sanchez,Male,1941-06-24,83,51,138
70,Lauren,Acevedo,Female,1979-01-19,45,67,272
71,Lynn,Maldonado,Female,1942-06-22,82,68,325
72,Lindsay,Harrison,Female,1939-09-09,85,63,138
73,Billy,Dickerson,Male,1947-06-16,77,51,200
74,Ashley,Mcintosh,Female,1994-09-22,30,72,147
75,Angelica,Macdonald,Female,1947-05-21,77,49,294
76,Kurt,Benton,Male,1988-05-18,36,63,301
77,Tammy,Murillo,Female,1947-04-08,77,54,162
78,Tracy,Baker,Male,1988-05-14,36,66,254
79,Mary,Reyes,Female,1945-03-17,79,51,97
80,Joshua,Bailey,Male,1986-08-22,38,72,215
81,Benjamin,Williams,Male,1963-11-19,61,52,248
82,Derek,Taylor,Male,1934-12-07,90,58,335
83,Todd,Foster,Male,1965-10-10,59,71,166
84,Stacy,Walker,Female,1962-05-18,62,70,160
85,Joyce,Adams,Female,1947-01-04,77,64,217
86,Anthony,Alexander,Male,1941-02-18,83,62,345
87,Megan,Ortiz,Female,1941-08-30,83,65,219
88,Margaret,Soto,Female,1979-01-20,45,59,177
89,Jose,Gutierrez,Male,1998-02-03,26,63,173
90,Anne,Gibson,Female,1945-01-08,79,56,141
91,Randy,Hernandez,Male,1990-04-29,34,52,117
92,Jamie,Whitaker,Female,2005-05-27,19,68,315
93,Angela,Pruitt,Female,1956-04-13,68,59,156
94,George,Hernandez,Male,1997-10-11,27,69,210
95,David,Mahoney,Male,1983-01-04,41,72,165
96,James,Moore,Male,1934-06-25,90,64,338
97,Martin,Thompson,Male,1953-04-23,71,63,215
98,Shelby,Edwards,Female,1977-04-02,47,49,110
99,Robert,Harris,Male,1967-02-08,57,51,98
100,Gary,Thomas,Male,1944-09-17,80,51,98
101,Theodore,Warner,Male,1997-01-25,27,50,120
102,Mark,Jacobs,Male,1937-02-07,87,49,160
103,Mariah,Osborne,Female,1991-01-23,33,64,185
104,Nina,Shelton,Female,1986-06-16,38,67,183
105,Cindy,Cardenas,Female,1939-03-11,85,52,274
106,Timothy,Lewis,Male,1945-09-04,79,56,268
107,Sean,Sanchez,Male,1963-12-24,61,49,325
108,Kyle,Park,Male,1948-12-17,76,56,246
109,Cynthia,Hoover,Female,1993-03-27,31,54,191
110,Cynthia,Miller,Female,1990-01-29,34,60,333
111,Taylor,Gallagher,Male,1936-01-30,88,66,215
112,Christine,Mills,Female,1987-03-13,37,64,170
113,Wesley,Pineda,Male,1991-05-17,33,69,333
114,Craig,White,Male,2001-02-17,23,55,213
115,Megan,Rodriguez,Female,1994-08-16,30,60,150
116,Kathleen,Floyd,Female,1985-07-01,39,51,327
117,Alexis,Webb,Female,1962-12-09,62,51,300
118,Sandra,Wallace,Female,1957-09-01,67,62,315
119,Kenneth,Hill,Male,1993-03-31,31,61,350
120,Joann,Cabrera,Female,1974-09-30,50,66,164
121,Janet,Watson,Female,1973-10-08,51,60,220
122,Jennifer,Pena,Female,1951-09-26,73,60,145
123,Kimberly,Salinas,Female,1965-12-12,59,56,346
124,Sara,Warren,Female,1965-12-17,59,66,328
125,Sandra,Jones,Female,1961-02-26,63,49,304
126,Steven,May,Male,1989-07-29,35,60,291
127,Jason,Perry,Male,1987-10-30,37,51,179
128,Nicholas,Bates,Male,1985-06-26,39,67,209
129,Jamie,Henderson,Female,1968-04-20,56,55,98
130,Bradley,Jimenez,Male,1968-09-04,56,67,208
131,Patricia,Alvarado,Female,1966-08-27,58,64,278
132,Amanda,Wagner,Female,1950-07-24,74,51,274
133,Mariah,Moody,Female,1963-08-26,61,68,217
134,Robin,Marks,Female,1949-12-05,75,52,118
135,Cynthia,Hart,Female,1994-06-11,30,60,208
136,Phillip,Thompson,Male,1940-04-23,84,50,98
137,Daniel,Hammond,Male,1935-10-16,89,60,101
138,Joshua,Knight,Male,1988-08-12,36,52,93
139,Melissa,Mahoney,Female,1974-05-27,50,64,196
140,Robert,Fernandez,Male,1956-12-28,68,55,260
141,Jeffrey,Patel,Male,1981-12-01,43,70,278
142,Nichole,Smith,Female,1974-09-27,50,71,322
143,Kathy,Robinson,Female,1994-07-11,30,55,286
144,Timothy,Diaz,Male,1942-10-05,82,53,220
145,Amanda,Ramos,Female,2004-07-04,20,70,270
146,Kirk,Marks,Male,1934-02-10,90,56,170
147,Courtney,Ramsey,Female,1964-06-04,60,59,229
148,Sarah,Johnson,Female,1979-05-09,45,70,325
149,Mark,Johnson,Male,1974-09-16,50,49,132
150,Dana,Hutchinson,Female,1938-05-15,86,50,179
151,Kimberly,Hill,Female,1970-01-23,54,67,336
152,Paula,Powers,Female,1936-05-24,88,66,214
153,Kevin,Giles,Male,1994-08-20,30,55,333
154,Scott,Williams,Male,1953-05-13,71,48,314
155,Julie,Bradley,Female,1994-01-08,30,57,129
156,Brittney,Brooks,Female,1977-06-11,47,71,227
157,Amanda,Gallagher,Female,1979-01-10,45,60,299
158,Dustin,Hale,Male,1940-06-10,84,67,137
159,Carol,Carey,Female,1988-02-22,36,62,161
160,Richard,Mcgee,Male,1947-08-14,77,48,147
161,Marcus,Sanchez,Male,1968-02-03,56,64,232
162,Spencer,Miller,Male,1950-08-31,74,50,340
163,Amanda,Phillips,Female,1973-07-05,51,52,122
164,Renee,Jimenez,Female,1957-11-12,67,61,154
165,Ashley,Gonzales,Female,1981-07-21,43,54,213
166,Elizabeth,Bell,Female,1994-11-21,30,66,334
167,Wendy,Shaffer,Female,1983-05-10,41,67,332
168,Joshua,Morales,Male,1965-07-15,59,72,237
169,Lisa,Riggs,Female,1945-05-19,79,59,343
170,Keith,Owen,Male,1995-10-26,29,69,110
171,Deborah,Reid,Female,1938-07-02,86,53,152
172,Samuel,Wright,Male,1986-02-13,38,50,303
173,William,Knight,Male,1992-04-04,32,72,105
174,Derek,Brown,Male,1963-09-03,61,62,224
175,Brandon,Brown,Male,1986-02-03,38,70,95
176,Aaron,Cruz,Male,2005-05-31,19,64,220
177,Susan,Dickson,Female,1939-04-08,85,61,145
178,Kathy,Cervantes,Female,1983-03-09,41,61,203
179,Michael,Chase,Male,1955-09-11,69,55,218
180,Amy,Ramsey,Female,1984-02-01,40,59,161
181,Charles,Rogers,Male,1986-05-26,38,65,286
182,Robert,Perez,Male,1964-09-09,60,56,107
183,Raymond,Phillips,Male,1974-05-12,50,60,280
184,Chelsea,Johns,Female,1975-09-08,49,51,100
185,Kelly,Reid,Female,1982-05-30,42,66,298
186,Caitlin,Anderson,Female,1972-08-11,52,65,244
187,Nancy,Lopez,Female,1938-01-07,86,59,179
188,Charles,Miller,Male,1951-09-17,73,55,181
189,Todd,Young,Male,1963-10-05,61,62,160
190,Jamie,Curtis,Female,1965-12-16,59,71,264
191,Zachary,Horton,Male,1969-02-02,55,51,144
192,Aaron,Harper,Male,1941-03-08,83,67,297
193,Colleen,Lewis,Female,1963-08-05,61,50,322
194,Colleen,Chan,Female,1983-07-25,41,64,94
195,Emma,Williams,Female,1956-10-28,68,72,92
196,William,Kelley,Male,1942-12-22,82,48,108
197,Christine,Brown,Female,1951-04-05,73,49,151
198,Kayla,Novak,Female,1959-05-22,65,64,322
199,Benjamin,Williams,Male,1983-12-27,41,49,155
200,Sally,Simpson,Female,1996-10-22,28,70,294
201,Fernando,Davis,Male,1947-10-11,77,69,272
202,Sierra,Wallace,Female,1940-04-02,84,72,303
203,Audrey,Gaines,Female,1989-04-06,35,71,263
204,David,Kelly,Male,1981-06-12,43,53,273
205,Andrew,Santiago,Male,1956-06-10,68,64,161
206,Kimberly,Vega,Female,1961-10-06,63,65,323
207,Megan,Mcgee,Female,1937-11-13,87,57,199
208,Elizabeth,Brown,Female,1973-01-09,51,61,252
209,Andrew,Brady,Male,1952-03-25,72,66,317
210,Ryan,Massey,Male,1998-03-09,26,68,264
211,Calvin,Hicks,Male,1980-08-11,44,64,100
212,Shawn,Young,Male,1950-12-03,74,48,349
213,Jesse,Duncan,Male,1996-11-25,28,57,311
214,David,Wilson,Male,1938-11-24,86,48,262
215,Denise,Mann,Female,1994-08-20,30,59,154
216,Amanda,Rogers,Female,1942-04-23,82,52,233
217,Angel,Chavez,Male,2003-10-21,21,57,251
218,Thomas,Perez,Male,1960-07-29,64,56,350
219,Gwendolyn,Anderson,Female,1986-06-27,38,70,257
220,Brandon,Gibson,Male,1934-04-07,90,51,329
221,Kimberly,Keller,Female,1948-03-31,76,48,258
222,David,Gray,Male,1989-08-16,35,72,334
223,Robert,Drake,Male,1995-01-23,29,49,289
224,Katelyn,Webb,Female,1943-06-16,81,70,320
225,Ana,Garcia,Female,1971-01-25,53,56,122
226,Virginia,Davis,Female,1959-01-14,65,70,210
227,Teresa,Fuentes,Female,1954-12-02,70,55,113
228,Linda,Rodgers,Female,1980-10-09,44,52,335
229,Ashley,Anderson,Female,2006-05-27,18,49,307
230,Ryan,Brown,Male,1945-10-30,79,63,148
231,Karen,Acosta,Female,1996-09-30,28,72,192
232,Robert,Ryan,Male,1971-08-11,53,62,299
233,John,Snyder,Male,1989-10-24,35,72,283
234,Andrea,Sosa,Female,2003-08-14,21,70,258
235,Mark,Salinas,Male,1953-08-27,71,50,303
236,Hannah,Ho,Female,1950-01-20,74,60,179
237,Michelle,King,Female,1959-08-01,65,71,273
238,Bonnie,Terry,Female,1943-02-18,81,64,174
239,Steven,Daniels,Male,1939-07-28,85,71,309
240,Cynthia,Miller,Female,1946-06-06,78,59,316
241,Jeremy,Richardson,Male,1939-04-06,85,53,318
242,Cindy,Fox,Female,1988-05-16,36,59,136
243,Marie,Serrano,Female,1985-08-15,39,54,97
244,Steve,Gibson,Male,1953-02-06,71,55,324
245,Brianna,Johnson,Female,1995-11-02,29,71,107
246,Hunter,Gilbert,Male,1982-05-16,42,61,258
247,Amy,Smith,Female,1957-06-23,67,58,316
248,Erica,Castillo,Female,1936-03-25,88,55,150
249,Alicia,Norris,Female,1957-06-22,67,58,172
250,Scott,Burton,Male,1974-12-26,50,55,182
251,Rachel,Gordon,Female,1966-11-19,58,69,164
252,Isabella,Adams,Female,1953-07-13,71,65,286
253,Terri,Mclean,Female,1972-05-02,52,54,253
254,Kevin,Whitney,Male,1959-01-03,65,62,278
255,Regina,Johnson,Female,1977-10-16,47,54,94
256,Andre,Burns,Male,1987-06-27,37,54,113
257,Tammy,Holloway,Female,1977-08-26,47,64,319
258,Adam,Clark,Male,1957-12-15,67,57,113
259,Ralph,Coleman,Male,1965-12-25,59,49,132
260,Amanda,Allen,Female,2002-01-09,22,48,319
261,Cheryl,Moore,Female,1946-10-19,78,53,301
262,Edward,Bishop,Male,1983-04-02,41,50,293
263,Michael,Wilson,Male,1998-08-16,26,62,348
264,Jennifer,Hickman,Female,1999-09-24,25,53,224
265,Brandon,Silva,Male,1986-03-05,38,56,317
266,Megan,Cooper,Female,1941-05-22,83,63,315
267,Kevin,Hess,Male,1939-12-09,85,51,233
268,Shannon,Donovan,Female,2001-09-30,23,50,140
269,Anthony,Harris,Male,1999-11-11,25,52,206
270,Joseph,Robinson,Male,1949-10-09,75,65,131
271,Tony,Walker,Male,1967-12-03,57,67,100
272,Steven,Wilson,Male,1969-07-01,55,51,340
273,Timothy,Campbell,Male,1958-03-19,66,51,243
274,Amanda,Johnson,Female,1947-05-27,77,69,189
275,Denise,Lewis,Female,1958-12-20,66,60,125
276,Robert,Martin,Male,1947-07-09,77,70,179
277,Brian,Sims,Male,1990-04-05,34,54,182
278,Elaine,Francis,Female,2001-12-25,23,55,334
279,Lisa,Hernandez,Female,1980-04-09,44,69,160
280,Sarah,Delacruz,Female,1961-11-20,63,51,207
281,Justin,Boyd,Male,1969-08-12,55,71,322
282,Danielle,Sanchez,Female,1970-11-27,54,66,109
283,Micheal,Vaughn,Male,1983-03-14,41,50,324
284,Margaret,Porter,Female,1968-11-12,56,49,222
285,Timothy,Kennedy,Male,1957-01-03,67,57,300
286,Marie,Thompson,Female,1964-02-10,60,50,154
287,Charles,Richardson,Male,1983-05-19,41,60,293
288,Brandi,Brown,Female,1986-08-02,38,63,207
289,Spencer,Gray,Male,1974-09-09,50,70,232
290,Angel,Guzman,Female,2004-02-13,20,54,173
291,Kelly,Mitchell,Female,1958-03-02,66,48,266
292,Mary,Boyle,Female,1976-03-07,48,48,152
293,Alicia,Rodriguez,Female,1946-07-18,78,48,285
294,Patricia,Dickerson,Female,1996-07-05,28,70,204
295,Amy,Henderson,Female,1945-05-15,79,50,183
296,Abigail,Glenn,Female,1950-01-08,74,69,318
297,Ashley,Burke,Female,1991-03-01,33,56,187
298,Jessica,Fisher,Female,1942-06-20,82,56,298
299,Larry,Luna,Male,1969-04-30,55,71,172
300,Jessica,Patel,Female,1946-11-07,78,59,203
301,Suzanne,Cabrera,Female,1954-04-15,70,49,341
302,Crystal,Becker,Female,1978-06-30,46,64,188
303,Randall,Sandoval,Male,1952-07-07,72,64,310
304,Sandra,Hall,Female,1980-03-10,44,54,326
305,James,Reynolds,Male,1938-12-05,86,51,158
306,Roberta,Bridges,Female,1970-03-07,54,53,264
307,Patricia,Dominguez,Female,1980-01-21,44,61,143
308,Nicole,Alvarez,Female,1976-04-29,48,67,100
309,Carrie,Collins,Female,1945-07-18,79,69,135
310,Robert,Martinez,Male,1942-06-06,82,49,280
311,Brian,Lambert,Male,1993-05-30,31,66,318
312,Diane,Washington,Female,1973-04-12,51,51,181
313,Jesus,Moore,Male,1997-09-20,27,66,247
314,Patrick,Hogan,Male,1964-12-16,60,67,271
315,Heidi,Le,Female,1947-12-16,77,68,190
316,Michelle,Russell,Female,1947-08-31,77,56,189
317,Stephanie,Bell,Female,1934-08-30,90,48,165
318,Nicholas,Delacruz,Male,1991-06-12,33,48,193
319,Mikayla,Smith,Female,1959-08-18,65,72,338
320,Anthony,Garner,Male,1986-08-21,38,64,144
321,Richard,Hahn,Male,1959-07-03,65,70,301
322,William,Bryant,Male,1938-07-10,86,61,177
323,Justin,Mullen,Male,1960-10-11,64,50,127
324,Theresa,Macdonald,Female,1934-11-19,90,69,133
325,Ryan,Francis,Male,1975-09-01,49,52,240
326,Jeffrey,Scott,Male,2001-08-09,23,63,235
327,David,Wright,Male,1972-07-25,52,52,313
328,David,Small,Male,1966-09-03,58,52,209
329,Jacob,Li,Male,1994-11-11,30,68,320
330,Brianna,Stokes,Female,1945-12-01,79,65,214
331,Carlos,Evans,Male,1961-10-04,63,53,340
332,Daryl,Ballard,Male,1954-09-11,70,48,121
333,Stacy,Kent,Female,1989-01-19,35,62,243
334,Mary,Anderson,Female,1961-05-07,63,49,135
335,Brian,Richards,Male,1967-01-17,57,64,168
336,Brandi,Wagner,Female,1967-11-25,57,56,332
337,Alexander,Reynolds,Male,1947-07-20,77,72,90
338,Lisa,Flores,Female,1978-09-14,46,53,232
339,Sarah,Watts,Female,2002-10-21,22,72,92
340,Alvin,Higgins,Male,1970-01-30,54,72,288
341,Carl,Lewis,Male,1962-12-20,62,48,175
342,Richard,Parker,Male,1951-03-27,73,69,285
343,Christina,Carlson,Female,1996-10-14,28,57,197
344,Amy,Richardson,Female,1938-07-28,86,48,212
345,Brittany,Savage,Female,1937-08-27,87,55,103
346,Brenda,Wilson,Female,2000-06-04,24,54,225
347,Meagan,Avila,Female,1970-02-16,54,54,157
348,Alan,Cunningham,Male,1950-11-10,74,70,300
349,Aaron,Dalton,Male,1982-12-05,42,59,156
350,Samantha,Adams,Female,1946-08-07,78,48,270
351,Clinton,Mcdonald,Male,1978-09-21,46,62,163
352,Sierra,Morales,Female,1995-02-03,29,68,281
353,John,Moore,Male,1995-03-01,29,66,195
354,Dawn,Grant,Female,2006-07-05,18,57,190
355,Christopher,Harrell,Male,1952-03-15,72,66,163
356,Jacob,Bennett,Male,1991-12-10,33,58,124
357,Grant,Johnson,Male,1986-06-26,38,67,256
358,Joshua,Perkins,Male,1971-02-24,53,72,282
359,Angela,Sanchez,Female,1997-03-11,27,68,260
360,Amber,Lindsey,Female,1999-03-30,25,58,104
361,Mark,Melton,Male,1969-09-21,55,66,255
362,Jacob,Sanchez,Male,1952-08-02,72,54,327
363,Ronald,Kelley,Male,1986-01-11,38,59,157
364,Angela,Gonzales,Female,1982-08-12,42,56,140
365,Robert,Rivas,Male,1977-05-07,47,56,337
